date,close,volume,open,high,low
16:00,6.32,"1,003,670",6.62,6.62,6.31
8/12/2019,6.32,1003670,6.62,6.62,6.31
8/9/2019,6.69,769497,7.09,7.09,6.68
8/8/2019,7.11,835984,6.84,7.13,6.81
8/7/2019,6.81,899363,6.69,6.83,6.6
8/6/2019,6.86,872815,7.15,7.19,6.74
8/5/2019,7.02,902704,6.82,7.0566,6.64
8/2/2019,7.02,1415283,7.52,7.52,6.8
8/1/2019,7.03,1465891,7.08,7.34,6.96
7/31/2019,7.19,1261063,7.37,7.42,7.075
7/30/2019,7.37,1064818,7.01,7.43,6.95
7/29/2019,7.14,1373167,7.33,7.42,6.94
7/26/2019,7.33,994507,7.32,7.39,7.23
7/25/2019,7.32,1774410,7.83,7.83,7.1519
7/24/2019,7.83,1144103,7.46,7.885,7.46
7/23/2019,7.53,986322,7.58,7.665,7.43
7/22/2019,7.44,1543013,7.39,7.585,7.275
7/19/2019,7.39,1343485,7.19,7.5,7.1612
7/18/2019,7.16,1116357,6.98,7.2175,6.94
7/17/2019,7.02,863644,7.12,7.155,6.94
7/16/2019,7.13,799323,7.12,7.35,7.04
7/15/2019,7.11,2273468,7.05,7.22,6.98
7/12/2019,6.94,853919,6.86,7.06,6.82
7/11/2019,6.88,768300,6.89,6.93,6.74
7/10/2019,6.9,1650650,6.82,6.99,6.69
7/9/2019,6.71,2414284,6.76,6.785,6.2301
7/8/2019,6.85,1147924,6.8,6.97,6.7
7/5/2019,6.83,699291,6.53,6.87,6.53
7/3/2019,6.66,532768,6.7,6.71,6.56
7/2/2019,6.67,1066517,6.9,6.9,6.66
7/1/2019,6.92,1195183,7.02,7.1,6.84
6/28/2019,6.91,1230917,6.85,6.93,6.82
6/27/2019,6.82,940360,6.74,6.95,6.71
6/26/2019,6.73,1191733,6.85,6.86,6.62
6/25/2019,6.61,1569163,6.67,6.71,6.365
6/24/2019,6.67,1455949,6.91,7.03,6.63
6/21/2019,6.93,4987301,6.98,7.1295,6.84
6/20/2019,6.91,2832382,6.83,7.09,6.74
6/19/2019,6.56,1520306,6.56,6.63,6.44
6/18/2019,6.56,1726459,6.33,6.74,6.315
6/17/2019,6.24,1134396,6.15,6.305,6.09
6/14/2019,6.22,1601161,6.24,6.3393,6.13
6/13/2019,6.3,3184702,5.78,6.425,5.78
6/12/2019,5.69,697140,5.73,5.78,5.65
6/11/2019,5.81,1149216,5.83,5.96,5.78
6/10/2019,5.67,890213,5.69,5.8,5.64
6/7/2019,5.56,793125,5.53,5.6,5.37
6/6/2019,5.57,1009190,5.63,5.72,5.39
6/5/2019,5.62,966059,5.83,5.9,5.56
6/4/2019,5.8,1649579,5.71,5.83,5.66
6/3/2019,5.63,1563786,5.6,5.715,5.48
5/31/2019,5.59,1251479,5.72,5.8299,5.55
5/30/2019,5.83,911295,6.02,6.14,5.79
5/29/2019,6.03,837370,5.76,6.05,5.75
5/28/2019,5.89,1208977,6.1,6.1,5.8604
5/24/2019,6.03,1507205,6.11,6.1427,5.98
5/23/2019,6.01,1698635,6.22,6.25,5.94
5/22/2019,6.35,1201381,6.43,6.46,6.22
5/21/2019,6.51,1461055,6.61,6.68,6.46
5/20/2019,6.54,2169746,6.66,6.7,6.46
5/17/2019,6.76,2749424,7.06,7.1,6.69
5/16/2019,7.17,1312965,7.2,7.44,7.09
5/15/2019,7.15,1095425,7.18,7.21,7.04
5/14/2019,7.31,998352,7.29,7.385,7.16
5/13/2019,7.18,2006892,7.62,7.62,7.03
5/10/2019,7.88,900239,7.81,7.93,7.715
5/9/2019,7.9,825547,7.79,7.985,7.66
5/8/2019,7.92,809731,8.01,8.12,7.91
5/7/2019,8.06,1046665,8.11,8.24,7.99
5/6/2019,8.28,1333641,8.04,8.31,7.91
5/3/2019,8.37,1693891,8.07,8.52,7.9978
5/2/2019,7.93,2063524,7.94,8.135,7.7
5/1/2019,7.92,1948216,8.43,8.63,7.8756
4/30/2019,8.41,1314098,8.48,8.51,8.31
4/29/2019,8.57,645253,8.51,8.625,8.41
4/26/2019,8.53,966769,8.38,8.5829,8.32
4/25/2019,8.44,877277,8.84,8.84,8.38
4/24/2019,8.85,904259,8.69,8.87,8.6301
4/23/2019,8.75,1161129,8.61,8.95,8.58
4/22/2019,8.65,2457150,8.6,8.73,8.28
4/18/2019,8.61,3150946,9.51,9.66,8.47
4/17/2019,9.7,1526725,9.83,9.91,9.4781
4/16/2019,9.75,1945613,9.3,9.78,9.27
4/15/2019,9.22,832064,9.4,9.5,9.2
4/12/2019,9.37,1049515,9.29,9.58,9.1491
4/11/2019,9.16,858917,9.15,9.4,9.05
4/10/2019,9.14,906088,9.11,9.24,8.995
4/9/2019,9.04,1081266,9.31,9.31,8.96
4/8/2019,9.35,527117,9.31,9.3899,9.18
4/5/2019,9.33,848248,9.07,9.36,9.07
4/4/2019,9.09,688113,8.72,9.09,8.67
4/3/2019,8.78,941209,9,9.08,8.715
4/2/2019,8.85,847033,9.06,9.1,8.83
4/1/2019,9.11,1239618,9.08,9.32,8.95
3/29/2019,8.88,1777909,9.01,9.2,8.85
3/28/2019,8.86,1129640,8.56,8.89,8.485
3/27/2019,8.55,1297676,8.2,8.58,8.11
3/26/2019,8.19,2687103,8.23,8.28,7.7899
3/25/2019,8.23,817747,8.3,8.455,8.1113
3/22/2019,8.3,1547928,8.86,8.92,8.19
3/21/2019,8.97,1096258,8.83,9.05,8.76
3/20/2019,8.89,1037835,8.92,8.97,8.57
3/19/2019,8.91,1431404,9.01,9.15,8.81
3/18/2019,8.93,1865213,8.63,8.95,8.57
3/15/2019,8.47,2285963,8.35,8.52,8.33
3/14/2019,8.34,1158303,8.24,8.39,8.24
3/13/2019,8.29,885178,8.22,8.38,8.2
3/12/2019,8.18,846088,7.94,8.2701,7.92
3/11/2019,7.92,1372599,7.67,7.92,7.59
3/8/2019,7.64,2130595,7.89,7.9,7.48
3/7/2019,8.02,1435046,8.4,8.46,8.01
3/6/2019,8.46,1542519,8.76,8.81,8.45
3/5/2019,8.74,1318853,8.76,8.85,8.64
3/4/2019,8.79,1140553,8.94,8.94,8.55
3/1/2019,8.93,1116733,8.72,8.95,8.61
2/28/2019,8.63,2343805,8.98,9.03,8.59
2/27/2019,8.99,1741626,9.35,9.4403,8.93
2/26/2019,9.35,1826189,9.11,9.53,9.105
2/25/2019,9.12,1877326,9.23,9.39,8.825
2/22/2019,9.26,1884511,9.25,9.98,8.98
2/21/2019,9.29,1372727,9.18,9.335,9.16
2/20/2019,9.18,1763238,8.78,9.26,8.74
2/19/2019,8.75,1305068,8.53,8.82,8.53
2/15/2019,8.57,881442,8.6,8.79,8.54
2/14/2019,8.47,928202,8.47,8.55,8.39
2/13/2019,8.56,807856,8.57,8.765,8.53
2/12/2019,8.47,810868,8.57,8.73,8.41
2/11/2019,8.45,1086679,8.46,8.57,8.37
2/8/2019,8.46,1310660,8.47,8.6437,8.28
2/7/2019,8.47,2135339,8.87,8.97,8.375
2/6/2019,9.04,696890,9.17,9.21,9
2/5/2019,9.21,1464442,9.12,9.3184,9.07
2/4/2019,9.11,872834,8.98,9.215,8.91
2/1/2019,9,793814,9.21,9.3086,8.915
1/31/2019,9.2,1024756,8.9,9.34,8.9
1/30/2019,8.95,2078642,8.73,9.01,8.68
1/29/2019,8.63,1093572,8.61,8.785,8.46
1/28/2019,8.54,1241115,8.9,8.9,8.51
1/25/2019,9.03,1253817,9.06,9.16,8.85
1/24/2019,8.85,1296286,9,9.0422,8.67
1/23/2019,9.07,2092230,8.91,9.2,8.82
1/22/2019,8.82,2056107,9.17,9.34,8.7
1/18/2019,9.31,1672669,9.19,9.425,9.0399
1/17/2019,9.09,2188416,8.39,9.32,8.244
1/16/2019,8.5,1927745,8.48,8.84,8.2116
1/15/2019,8.15,1897133,8.48,8.52,8
1/14/2019,8.53,1188410,8.73,9.11,8.43
1/11/2019,8.57,1235670,8.7,8.7763,8.51
1/10/2019,8.73,757495,8.63,8.83,8.51
1/9/2019,8.71,1423459,8.4,8.78,8.32
1/8/2019,8.36,2178348,8.77,8.83,8.12
1/7/2019,8.7,2611930,8.5,8.76,8.15
1/4/2019,8.38,3629806,7.55,8.47,7.43
1/3/2019,7.31,1577989,7.42,7.63,7.28
1/2/2019,7.55,1827374,7.18,7.85,6.98
12/31/2018,7.31,847642,7.48,7.59,7.11
12/28/2018,7.4,1102739,7.37,7.65,7.2827
12/27/2018,7.34,1174366,7.2,7.4,6.93
12/26/2018,7.39,1692357,6.88,7.41,6.54
12/24/2018,6.81,779855,6.89,6.9,6.66
12/21/2018,6.91,3428900,7.53,7.53,6.5401
12/20/2018,7.56,1699698,7.88,8.11,7.32
12/19/2018,7.8,2392448,8.33,8.65,7.77
12/18/2018,8.26,1229602,8.37,8.5762,8.188
12/17/2018,8.27,1677988,8.09,8.735,8.05
12/14/2018,8.15,1083927,8.25,8.425,8.09
12/13/2018,8.36,809783,8.56,8.61,8.31
12/12/2018,8.47,1513549,8.52,8.76,8.42
12/11/2018,8.38,1318661,8.52,8.72,8.19
12/10/2018,8.29,1298182,8.56,8.74,8.01
12/7/2018,8.6,1223855,8.72,9.235,8.56
12/6/2018,8.65,1697486,8.72,8.82,8.41
12/4/2018,9,1237411,9.48,9.58,8.86
12/3/2018,9.5,1312406,9.38,9.6,9.21
11/30/2018,8.98,807975,8.93,9.1,8.9
11/29/2018,9,1042707,9.2,9.435,8.955
11/28/2018,9.34,2504413,8.88,9.34,8.48
11/27/2018,8.84,1446016,9,9.3,8.52
11/26/2018,9.16,1271598,8.84,9.335,8.72
11/23/2018,8.81,557402,8.61,8.88,8.59
11/21/2018,8.84,760824,8.71,9.06,8.7
11/20/2018,8.58,1013136,8.77,8.77,8.18
11/19/2018,8.87,2022395,9.27,9.47,8.66
11/16/2018,9.34,1750103,8.89,9.39,8.811
11/15/2018,8.98,931547,8.65,9.01,8.514
11/14/2018,8.69,1274190,8.99,9.15,8.52
11/13/2018,8.9,979150,8.72,9.12,8.57
11/12/2018,8.68,1884488,9.3,9.3,8.66
11/9/2018,9.32,1193952,9.45,9.68,9.13
11/8/2018,9.63,1394178,9.71,9.82,9.475
11/7/2018,9.79,1840149,10.08,10.14,9.67
11/6/2018,9.95,1897881,9.79,10.03,9.62
11/5/2018,9.78,2427513,9.67,9.84,9.46
11/2/2018,9.73,2805638,8.89,9.845,8.89
11/1/2018,8.84,2957796,8.23,8.85,8.14
10/31/2018,7.94,2892968,7.94,8.21,7.82
10/30/2018,7.83,3696628,8.05,8.28,7.77
10/29/2018,8.015,4221807,7.87,8.47,7.8
10/26/2018,7.72,7773905,9.01,9.2871,7.65
10/25/2018,9.48,1969573,9.1,9.64,9.02
10/24/2018,8.99,2082714,9.54,9.78,8.96
10/23/2018,9.6,1806921,9.63,9.69,9.175
10/22/2018,9.89,2761108,9.82,9.93,9.4618
10/19/2018,9.8,1372964,9.92,10.13,9.79
10/18/2018,9.92,2648803,10.21,10.436,9.9
10/17/2018,10.14,1296813,10.13,10.19,9.9
10/16/2018,10.16,1221579,10.26,10.26,9.92
10/15/2018,10.16,1627452,10.18,10.55,10.12
10/12/2018,10.16,1709099,10.35,10.57,10
10/11/2018,10.09,1482141,10.1,10.33,9.97
10/10/2018,10.18,2255125,10.55,10.86,10.08
10/9/2018,10.82,2187115,10.42,11.16,10.42
10/8/2018,10.74,3851570,10.5,10.905,10.25
10/5/2018,9.97,3546529,10.38,10.38,9.88
10/4/2018,10.23,3662063,10.61,10.83,10.2
10/3/2018,10.52,11445440,10.6,10.95,9.85
10/2/2018,11.9,1986601,11.73,12.1,11.62
10/1/2018,12.07,1847113,12.01,12.25,11.72
9/28/2018,11.97,5890875,11.54,12.37,11.395
9/27/2018,11.38,2878332,11.82,11.87,11.37
9/26/2018,11.86,2383124,12.49,12.564,11.75
9/25/2018,12.59,3350231,12.01,12.61,11.73
9/24/2018,11.89,3687743,13.12,13.25,11.81
9/21/2018,13.25,4543020,13.09,13.47,13
9/20/2018,13.12,1866896,13.26,13.42,12.9
9/19/2018,12.86,1886610,13.06,13.32,12.75
9/18/2018,12.94,4130081,12.02,13.1,12.01
9/17/2018,11.78,2156589,11.33,12.03,11.3
9/14/2018,11.32,1303540,11.35,11.5064,11.16
9/13/2018,11.37,2191301,11.95,12.07,11.36
9/12/2018,11.85,2208267,11.89,12.04,11.32
9/11/2018,12.04,1091628,11.95,12.11,11.76
9/10/2018,12.19,2087139,11.74,12.435,11.74
9/7/2018,11.6,2256736,11.97,12.1,11.2248
9/6/2018,12.02,2398830,12,13.14,11.85
9/5/2018,11.86,1323487,12,12.178,11.85
9/4/2018,12.03,1857030,12.44,12.445,11.67
8/31/2018,12.62,1028985,12.47,12.75,12.3
8/30/2018,12.57,1563645,12.91,13.03,12.24
8/29/2018,13.01,1465869,12.72,13.17,12.58
8/28/2018,12.73,1241470,12.7,13.04,12.52
8/27/2018,12.57,1512034,12.62,12.82,12.46
8/24/2018,12.53,2461196,12.12,12.61,12.041
8/23/2018,11.95,1768914,12.31,12.34,11.81
8/22/2018,12.39,1225638,12.33,12.64,12.11
8/21/2018,12.32,1273645,11.94,12.47,11.9
8/20/2018,11.93,1759331,12.15,12.33,11.86
8/17/2018,12.02,2058934,12.05,12.11,11.68
8/16/2018,12.1,1833615,11.31,12.11,11.31
8/15/2018,11.09,2911337,12.22,12.22,11.04
8/14/2018,12.46,2056607,12.07,12.62,12.07
8/13/2018,12.06,1012794,12.15,12.15,11.8
8/10/2018,12.15,1403184,11.96,12.33,11.77
8/9/2018,12.14,859049,12.09,12.27,12.02
8/8/2018,12.02,3427429,12.31,12.31,12
8/7/2018,12.36,1441018,12.87,12.95,12.35
8/6/2018,12.79,1982837,12.83,13.1016,12.55
8/3/2018,12.77,2665963,13,13.1699,12.61
8/2/2018,13.11,3592560,13.46,13.8,13.01
8/1/2018,12.97,2140846,12.82,13.062,12.53
7/31/2018,12.81,916832,13.03,13.12,12.75
7/30/2018,12.92,948894,13.08,13.22,12.8695
7/27/2018,13.04,720359,13.2,13.3652,13.02
7/26/2018,13.21,842972,13.1,13.29,12.96
7/25/2018,13.21,1221208,13.2,13.3496,12.92
7/24/2018,13.23,2010265,13.62,13.75,13.17
7/23/2018,13.39,1339313,12.96,13.49,12.6
7/20/2018,12.965,2223891,13.13,13.25,12.7626
7/19/2018,13.09,3583480,14.57,14.6,13.05
7/18/2018,14.9,1108611,14.76,15.03,14.35
7/17/2018,14.77,1405586,14.37,14.94,14.37
7/16/2018,14.35,1202602,14.38,14.65,14.07
7/13/2018,14.24,799863,14.5,14.57,14.18
7/12/2018,14.57,574165,14.74,14.74,14.4746
7/11/2018,14.55,1531930,14.68,15.12,14.21
7/10/2018,14.92,1403204,15.39,15.5579,14.73
7/9/2018,15.46,911936,15.31,15.58,15.175
7/6/2018,15.23,1043441,14.84,15.34,14.74
7/5/2018,14.84,2037735,14.96,15.11,14.82
7/3/2018,14.81,914334,15.3,15.36,14.6
7/2/2018,15.16,1419076,15.54,15.54,15.02
6/29/2018,15.75,927481,15.81,16.14,15.72
6/28/2018,15.69,1174604,15.57,15.81,15.1
6/27/2018,15.62,1526437,16.53,16.75,15.5
6/26/2018,16.52,717801,16.4,16.59,16.0466
6/25/2018,16.34,2326870,16.97,17.06,15.9
6/22/2018,17.24,1159704,16.95,17.4098,16.9
6/21/2018,16.83,1694703,16.14,17.12,16.1142
6/20/2018,15.91,703618,15.97,16.06,15.69
6/19/2018,15.75,1562311,16.23,16.23,15.33
6/18/2018,16.69,772486,16.31,16.78,16.25
6/15/2018,16.39,2106938,16.43,16.43,15.92
6/14/2018,16.49,1453076,16.87,16.87,16.405
6/13/2018,16.78,674071,16.94,17.06,16.63
6/12/2018,16.93,843305,17.15,17.31,16.75
6/11/2018,17.17,2158679,17.19,17.52,16.83
6/8/2018,17.19,557451,17.18,17.48,17.12
6/7/2018,17.26,911402,17.81,17.81,17.06
6/6/2018,17.82,807734,17.82,17.89,17.51
6/5/2018,17.64,1382352,17.65,17.73,17.26
6/4/2018,17.6,1300620,17.79,18.13,17.5
6/1/2018,17.71,1883797,17.85,17.99,17.19
5/31/2018,17.72,3077397,17.9,18.69,17.6
5/30/2018,17.15,1159041,16.65,17.18,16.65
5/29/2018,16.52,1203290,16.01,16.84,15.95
5/25/2018,16.28,790506,16.18,16.41,16.04
5/24/2018,16.34,2048388,16.21,16.56,15.85
5/23/2018,16.18,2842349,16.55,16.6089,16.03
5/22/2018,16.76,2272291,17.37,17.6,16.7
5/21/2018,17.35,1323316,17.57,17.57,16.89
5/18/2018,17.5,2206981,17.29,17.61,17.2002
5/17/2018,17.34,1754972,16.84,17.76,16.84
5/16/2018,16.94,2260652,16.64,17.26,16.64
5/15/2018,16.65,2514106,15.68,16.73,15.6
5/14/2018,15.91,2326297,15.94,16.37,15.86
5/11/2018,15.88,774211,15.86,16.1,15.6
5/10/2018,15.8,1400677,15.4,16,15.4
5/9/2018,15.36,2716280,15.42,15.86,15.315
5/8/2018,15.39,1961507,15.04,15.85,15
5/7/2018,15,2350352,14.81,15.4,14.6
5/4/2018,14.76,6913112,14.74,15.67,14.14
5/3/2018,16.4,1574368,16.51,16.76,16.33
5/2/2018,16.48,2378543,16.91,17.21,16.4
5/1/2018,16.78,1363390,17.37,17.37,16.31
4/30/2018,17.47,909036,17.26,17.61,17.18
4/27/2018,17.31,948745,17.44,17.58,16.88
4/26/2018,17.61,1643581,17.52,17.97,17.21
4/25/2018,17.31,1664208,16.59,17.66,16.51
4/24/2018,16.71,1395413,16.85,16.92,16.3308
4/23/2018,16.72,4521814,16.39,17.4,16.27
4/20/2018,17.65,1915364,18.27,18.29,17.57
4/19/2018,18.31,2059558,18.33,18.95,18.18
4/18/2018,18.31,2170979,18.71,19.38,18.2
4/17/2018,18.23,1434620,18,18.46,17.97
4/16/2018,18.03,2202585,18.3,18.47,17.7
4/13/2018,18.15,1649954,18.55,18.79,18.06
4/12/2018,18.64,3598355,18.89,19.1,17.8
4/11/2018,19.12,4133936,19.85,19.86,18.845
4/10/2018,19.92,4143381,19.22,20.19,18.57
4/9/2018,18.82,5170250,17.63,19.28,17.6
4/6/2018,16.79,3137117,16.76,17.315,16.23
4/5/2018,17.02,2040320,16.95,17.46,16.92
4/4/2018,16.84,1926296,16.22,16.97,16.02
4/3/2018,16.69,2015726,16.63,17.05,16.59
4/2/2018,16.36,1642320,16.47,17.14,16.19
3/29/2018,16.54,2640788,16.25,16.74,16.12
3/28/2018,16.2,2002666,16.07,16.34,15.56
3/27/2018,16.22,2536785,17.44,17.47,15.971
3/26/2018,17.305,2298686,16.86,17.5,16.35
3/23/2018,16.665,3672588,17.03,17.05,16.23
3/22/2018,16.76,6211012,20.1,20.11,16.7
3/21/2018,20.4,1416972,19.97,20.54,19.89
3/20/2018,19.81,1570404,19.89,20.27,19.64
3/19/2018,19.95,1851864,20.56,20.74,19.63
3/16/2018,20.83,4044912,20.57,21.07,20.16
3/15/2018,20.56,2696126,20.45,21,19.71
3/14/2018,20.45,4210405,22.15,22.27,20.21
3/13/2018,21.58,5985621,21.94,22.94,21.5
3/12/2018,20.81,3124913,20.78,21.7,20.3
3/9/2018,20.15,3610538,20.36,20.39,19.13
3/8/2018,19.66,4782458,21.45,21.4648,19.12
3/7/2018,21.25,2292682,20.3,22.13,20.3
3/6/2018,20.45,2240532,20.02,20.72,19.5642
3/5/2018,19.98,2448217,20.67,20.85,19.9135
3/2/2018,20.94,3019570,20.15,21.45,19.56
3/1/2018,20.48,5694697,20.13,21.84,19.3
2/28/2018,19.05,1693255,19.9,20.07,18.96
2/27/2018,19.8,1595167,20.31,20.63,19.6
2/26/2018,20.51,2245345,21.2,21.48,19.88
2/23/2018,20.93,3230930,21.98,22.57,20.66
2/22/2018,21.75,5373672,22.91,23.07,21.6
2/21/2018,22.72,2428716,23.59,23.72,22.698
2/20/2018,23.38,1981162,23.83,24.2698,23.21
2/16/2018,24.12,4969347,22.15,24.77,21.82
2/15/2018,22.27,2067672,23.03,23.22,21.64
2/14/2018,22.75,2528746,21.6,22.93,21.31
2/13/2018,21.76,2720533,21.59,22.47,21.3
2/12/2018,21.64,1994161,21.45,21.85,20.87
2/9/2018,21.19,1596266,21.05,21.5,19.99
2/8/2018,20.83,1929464,21.13,21.77,20.65
2/7/2018,21.14,1241392,21.73,22.03,21.05
2/6/2018,21.98,2091382,20.31,22.15,19.761
2/5/2018,20.91,2805795,21.02,22.55,20.72
2/2/2018,21.02,1907862,22.51,22.52,20.97
2/1/2018,22.83,1189181,22,23.28,21.79
1/31/2018,22.25,1905910,22.93,23.42,22.03
1/30/2018,22.61,2080007,23.54,23.58,22.59
1/29/2018,23.63,1377485,24.3,24.76,23.59
1/26/2018,24.34,1332309,23.62,24.39,23.39
1/25/2018,23.8,1277237,23.44,23.94,23.32
1/24/2018,23.19,1258414,22.91,23.77,22.81
1/23/2018,22.77,2002049,22.91,23.01,21.39
1/22/2018,23.04,2681515,22.04,23.065,21.8
1/19/2018,22.14,1217486,21.6,22.37,21.59
1/18/2018,21.42,1662632,21.03,21.53,20.36
1/17/2018,21.81,1268944,21.26,22.07,20.96
1/16/2018,21.15,1864453,21.21,21.89,20.5
1/12/2018,21.74,3423558,21.2,22.3,21.157
1/11/2018,21.01,2010723,20.65,21.03,20.37
1/10/2018,20.61,2952074,19.64,20.62,19.64
1/9/2018,19.58,1485818,19.69,19.93,19.36
1/8/2018,19.71,2208499,19.94,19.94,19.34
1/5/2018,19.94,1850497,20.51,20.634,19.7
1/4/2018,20.54,1681376,20.63,20.72,20.07
1/3/2018,20.48,3552898,20.82,20.89,19.9
1/2/2018,21.38,3163062,19.79,21.78,19.59
12/29/2017,19.64,1881079,19.97,20.3,19.56
12/28/2017,19.86,3025030,18.29,20,18.16
12/27/2017,18.27,1148128,18.21,18.54,18.02
12/26/2017,18.19,852883,18.05,18.26,17.73
12/22/2017,18.03,1313995,17.69,18.16,17.35
12/21/2017,17.57,1868692,18.07,18.27,17.44
12/20/2017,17.99,3682803,16.68,18.01,16.54
12/19/2017,16.93,2076966,15.97,17.07,15.86
12/18/2017,16.03,1936049,15.75,16.04,15.52
12/15/2017,15.67,2820970,15.87,16.05,15.56
12/14/2017,15.67,1056025,15.83,15.924,15.6
12/13/2017,15.82,1247880,15.7,15.91,15.39
12/12/2017,15.67,4052616,15.75,16.05,15.37
12/11/2017,15.76,4513994,14.11,15.85,14.11
12/8/2017,14.08,1831439,13.71,14.5,13.71
12/7/2017,13.68,2122590,13.35,13.82,13.1311
12/6/2017,13.4,1638606,13.53,13.73,13.2299
12/5/2017,13.65,1406791,13.47,13.74,13.25
12/4/2017,13.67,1839583,13.53,13.87,13.5
12/1/2017,13.38,2098540,13.25,13.585,13.0551
11/30/2017,13.25,2570217,13.19,13.49,13.13
11/29/2017,13.1,4619617,14.08,14.18,13
11/28/2017,14.76,4383689,13.67,14.8,13.42
11/27/2017,13.76,1457335,13.64,13.92,13.38
11/24/2017,13.66,909958,13.64,14.01,13.6
11/22/2017,13.64,2109085,13.48,13.67,13.38
11/21/2017,13.41,3068782,13.61,13.7499,13.08
11/20/2017,13.5,3679694,14.71,14.75,13.3706
11/17/2017,15.14,1533899,14.71,15.1899,14.659
11/16/2017,14.71,1604121,14.25,14.755,14.22
11/15/2017,14.24,1409671,13.94,14.38,13.675
11/14/2017,14.1,1732494,14.21,14.47,13.7
11/13/2017,14.33,1532949,14.24,14.48,14.1
11/10/2017,14.34,1208894,14.24,14.8,14.22
11/9/2017,14.25,2431444,14.47,14.71,14.08
11/8/2017,14.71,1542078,14.67,14.92,14.5
11/7/2017,14.8,2064314,14.44,14.83,14.291
11/6/2017,14.62,3214386,13.85,14.74,13.77
11/3/2017,13.81,1809619,13.65,14,13.57
11/2/2017,13.62,2446278,13.69,14.22,13.58
11/1/2017,13.71,2393215,14.39,14.75,13.62
10/31/2017,14,2932340,13.5,14.26,13.3501
10/30/2017,13.5,5753936,14.11,14.66,13.37
10/27/2017,15.18,3413744,14.46,15.33,13.7
10/26/2017,15.22,3722755,15.18,15.68,15.18
10/25/2017,15.12,2367596,15.26,15.38,14.74
10/24/2017,15.47,2790938,15.24,15.84,15.185
10/23/2017,15.25,2304546,15.45,15.48,14.98
10/20/2017,15.35,2472856,15.42,16.0399,15.325
10/19/2017,15.29,2152185,15.15,15.53,15.05
10/18/2017,15.46,1528619,15.6,15.65,15.08
10/17/2017,15.53,2051514,15.94,16.18,15.31
10/16/2017,15.5,1948739,15.51,15.99,15.38
10/13/2017,15.35,2864048,16.42,16.5,15.2
10/12/2017,16.02,1734237,16.09,16.42,15.96
10/11/2017,16.09,1566330,16.27,16.33,15.76
10/10/2017,16.29,1696638,16.87,16.87,16.17
10/9/2017,16.87,1660595,16.86,17.17,16.73
10/6/2017,16.86,1292567,16.82,17.005,16.51
10/5/2017,17.03,1081294,17.01,17.44,16.975
10/4/2017,17.01,1935322,16.94,17.54,16.8
10/3/2017,16.94,1410046,16.97,17.095,16.59
10/2/2017,16.86,1947210,16.48,17.18,16.41
9/29/2017,16.58,2026465,17.03,17.03,16.51
9/28/2017,16.91,3789976,17.18,17.18,16.41
9/27/2017,17.21,2145251,17.28,17.52,16.95
9/26/2017,17.16,1993886,17.89,18.02,17.15
9/25/2017,18,1839777,17.99,18.3658,17.86
9/22/2017,18.09,2519244,18.92,18.9999,17.96
9/21/2017,19.39,1596627,20.19,20.56,19.22
9/20/2017,20.38,3748147,20.33,20.68,19.57
9/19/2017,19.72,1342286,19.36,19.75,18.98
9/18/2017,19.26,1233982,19.07,19.47,19
9/15/2017,19.11,2785095,19.36,19.58,18.96
9/14/2017,19.39,1641209,19.62,19.69,18.95
9/13/2017,19.82,2138170,19.45,19.9738,18.9911
9/12/2017,19.86,1259907,19.41,20.01,19.24
9/11/2017,19.28,1442639,19.16,19.37,18.83
9/8/2017,18.9,2475265,19.39,19.49,18.65
9/7/2017,19.41,2457745,19.64,19.69,19.01
9/6/2017,19.6,1364642,19.6,19.75,19.37
9/5/2017,19.53,3637632,20.46,20.57,18.93
9/1/2017,20.56,2764565,19.69,20.63,19.48
8/31/2017,19.52,1798491,19.46,19.6,19.3
8/30/2017,19.13,2336768,19.07,19.57,18.81
8/29/2017,19.28,1970886,18.41,19.28,18.25
8/28/2017,18.65,2738483,18.25,18.8918,17.991
8/25/2017,18.09,2270156,18.42,18.42,17.78
8/24/2017,18.26,2840359,17.94,18.45,17.8201
8/23/2017,17.94,2612432,16.92,17.9562,16.92
8/22/2017,17.175,2781436,16.22,17.26,16.22
8/21/2017,16.16,3124997,15.8,16.24,15.65
8/18/2017,15.01,1913943,14.85,15.19,14.7
8/17/2017,14.82,1958681,14.94,14.99,14.61
8/16/2017,15.11,2648083,14.51,15.15,14.5
8/15/2017,14.33,1517865,14.14,14.64,14.1
8/14/2017,14.12,1601109,14.3,14.35,13.97
8/11/2017,14.36,3015847,13.77,14.44,13.5799
8/10/2017,13.8,2136458,13.97,14.24,13.71
8/9/2017,14.04,2623939,14.02,14.34,13.98
8/8/2017,14.12,3671155,13.68,14.28,13.67
8/7/2017,13.58,3380180,13.77,13.88,13.34
8/4/2017,13.245,4830448,13.31,13.46,12.94
8/3/2017,13.33,12747080,14.95,15.04,13.13
8/2/2017,16.74,3694074,16.66,16.951,16.47
8/1/2017,16.69,2282724,16.59,17.09,16.57
7/31/2017,16.78,1636920,16.91,17.18,16.62
7/28/2017,16.8,2571037,17.92,17.92,16.755
7/27/2017,17.93,2143433,18.43,18.63,17.58
7/26/2017,18.3,1909075,18.45,18.45,17.985
7/25/2017,18.39,1611361,18.43,19.08,18.1181
7/24/2017,18.1,1370369,18.15,18.15,17.6414
7/21/2017,18.15,2246376,18.43,18.43,17.73
7/20/2017,18.34,2662667,17.63,18.435,17.54
7/19/2017,17.68,2206427,17.76,18.06,17.11
7/18/2017,17.6,1619438,17.38,17.78,17.14
7/17/2017,17.6,2504843,16.92,17.83,16.88
7/14/2017,16.79,2288845,16.5,16.98,16.33
7/13/2017,16.44,2659898,15.75,16.59,15.75
7/12/2017,15.64,2729953,16.72,16.72,15.34
7/11/2017,16.53,1371838,16.33,16.6,15.97
7/10/2017,16.31,1924148,15.77,16.69,15.5
7/7/2017,15.91,2366308,16.14,16.14,15.73
7/6/2017,16.15,1771497,16.14,16.41,16.02
7/5/2017,16.25,1864013,16.24,16.49,15.8
7/3/2017,16.2,928303,15.62,16.29,15.5995
6/30/2017,15.58,1472701,15.86,15.93,15.5
6/29/2017,15.78,1887241,16.29,16.54,15.55
6/28/2017,16.04,3436481,15.86,16.19,15.64
6/27/2017,15.58,2805875,15.38,15.919,15.35
6/26/2017,15.31,2211228,15.19,15.5623,14.931
6/23/2017,15.09,2903441,14.28,15.13,13.94
6/22/2017,13.86,1741209,13.63,13.99,13.545
6/21/2017,13.55,1885350,14.24,14.26,13.52
6/20/2017,14.18,1742676,14.26,14.5,13.95
6/19/2017,14.42,1848101,14.52,14.6899,14.105
6/16/2017,14.35,4319718,15.13,15.46,14.22
6/15/2017,15.14,3539265,15.5,16.18,15.08
6/14/2017,16.05,3817783,16.39,16.4,15.65
6/13/2017,16.26,2455618,16.45,16.7764,16.16
6/12/2017,16.43,3448767,16.38,16.83,16.12
6/9/2017,16.38,2859764,16.88,17.28,16.16
6/8/2017,16.9,4932473,14.72,16.97,14.72
6/7/2017,14.79,1864444,14.82,14.86,14.39
6/6/2017,14.88,2318165,14.79,15,14.31
6/5/2017,14.74,2800909,13.85,14.77,13.71
6/2/2017,14.04,1499396,14.45,14.65,13.98
6/1/2017,14.55,1939189,14.39,14.6983,14.25
5/31/2017,14.42,2020049,14.72,14.75,13.66
5/30/2017,14.78,1199743,14.68,15.12,14.4
5/26/2017,14.83,595955,14.81,14.97,14.625
5/25/2017,14.83,1577073,14.94,15.37,14.545
5/24/2017,14.89,1707212,14.57,15.08,14.48
5/23/2017,14.59,1275683,14.26,14.7,13.76
5/22/2017,14.29,1092376,14.08,14.41,14.05
5/19/2017,13.88,1322719,13.65,14.26,13.58
5/18/2017,13.51,1144871,13.02,13.66,12.79
5/17/2017,13.24,863514,13.47,13.5366,13.17
5/16/2017,13.63,1288012,13.92,14.02,13.4307
5/15/2017,13.94,1728124,13.75,14.215,13.75
5/12/2017,13.52,1697598,12.96,13.57,12.84
5/11/2017,12.91,1757185,13.02,13.18,12.738
5/10/2017,12.98,1721993,12.89,13.185,12.8
5/9/2017,12.8,1235949,12.84,13.013,12.59
5/8/2017,12.83,1294560,13,13.0523,12.53
5/5/2017,13.16,2770675,13.01,13.53,12.84
5/4/2017,12.91,2371749,13.52,13.6188,12.59
5/3/2017,13.73,4414796,13.79,13.88,13.36
5/2/2017,13.97,2560446,13.84,14.19,13.795
5/1/2017,13.975,2033049,13.69,14.02,13.48
4/28/2017,13.64,2511096,14.1,14.16,13.62
4/27/2017,14,3172458,14.66,14.9297,13.82
4/26/2017,14.81,3750220,13.86,14.97,13.51
4/25/2017,13.62,4819946,12.87,13.88,12.82
4/24/2017,12.63,1945282,12.21,12.74,12.09
4/21/2017,11.88,1028612,12.08,12.1,11.78
4/20/2017,12.03,1750256,12.03,12.4,12
4/19/2017,11.79,1663946,11.92,12.27,11.78
4/18/2017,11.8,1394976,11.76,12.145,11.6
4/17/2017,11.92,1990264,11.65,12.04,11.59
4/13/2017,11.64,2669173,12.03,12.14,11.62
4/12/2017,12.06,2622626,13.18,13.2,12.04
4/11/2017,13.38,2031411,12.93,13.49,12.74
4/10/2017,12.93,1096188,12.83,12.93,12.69
4/7/2017,12.83,2366071,12.72,13.08,12.46
4/6/2017,12.73,1984009,12.59,12.86,12.28
4/5/2017,12.52,2519503,12.83,13.1173,12.3
4/4/2017,12.64,1212147,12.49,12.8764,12.39
4/3/2017,12.47,1323027,12.74,12.94,12.26
3/31/2017,12.69,1911582,12.54,12.8,12.24
3/30/2017,12.63,2508061,12.43,12.72,12.38
3/29/2017,12.4,1324141,12.38,12.635,12.205
3/28/2017,12.4,1814581,12.17,12.53,11.96
3/27/2017,12.18,3106864,11.48,12.21,11.2621
3/24/2017,11.8,1617446,12.08,12.17,11.74
3/23/2017,12,1325508,12.16,12.2889,11.85
3/22/2017,12.22,1615829,11.92,12.33,11.87
3/21/2017,11.95,2611003,12.52,12.67,11.9
3/20/2017,12.41,2559469,12.05,12.47,11.91
3/17/2017,12.11,3394332,12.64,12.7,12
3/16/2017,12.66,1922190,13.05,13.43,12.56
3/15/2017,12.83,2538268,12.36,12.87,12.07
3/14/2017,12.13,3704807,12.23,12.34,11.7
3/13/2017,12.43,2325639,12.56,12.79,12.39
3/10/2017,12.365,3195163,12.8,13.07,12.2
3/9/2017,12.42,3501177,12.99,13.17,12.27
3/8/2017,13.11,1807290,13.33,13.51,13.055
3/7/2017,13.36,1680652,13.87,14.2,13.35
3/6/2017,13.87,2253609,14.25,14.43,13.77
3/3/2017,14.35,3435598,14.72,14.79,13.9
3/2/2017,14.32,2895687,15.29,15.3442,14.3
3/1/2017,15.39,3211247,14.5,15.61,14.5
2/28/2017,14.085,3589957,13.45,14.13,13.37
2/27/2017,14.01,3789204,13.42,14.08,13.42
2/24/2017,13.49,4597475,13.04,14.85,12.77
2/23/2017,13.58,2766008,14.56,14.8535,13.54
2/22/2017,14.48,2277988,15.01,15.22,14.33
2/21/2017,15.25,1654724,15.28,15.54,15.18
2/17/2017,15.25,2294234,15.45,15.52,14.94
2/16/2017,15.57,1890355,15.7,15.7,15.301
2/15/2017,15.77,1536407,15.85,15.87,15.57
2/14/2017,15.96,2079051,15.85,16.22,15.58
2/13/2017,15.93,2377218,16.1,16.45,15.71
2/10/2017,15.8,1944924,15.92,15.94,15.4245
2/9/2017,15.61,2159157,15.55,15.73,15.27
2/8/2017,15.5,2470616,16.01,16.09,15.1
2/7/2017,16.06,3326301,15.47,16.53,15.43
2/6/2017,15.44,1917754,15.31,15.5622,15.16
2/3/2017,15.4,3511806,15.5,15.83,15.16
2/2/2017,15.47,1928939,15.53,15.74,15.07
2/1/2017,15.45,2644953,15.42,15.82,15.06
1/31/2017,15.4,2593240,15.05,15.47,14.91
1/30/2017,14.98,2908175,15.19,15.25,14.63
1/27/2017,15.11,2781882,15.07,15.46,14.84
1/26/2017,15.09,3526908,15.52,15.85,14.81
1/25/2017,15.56,6954335,15.57,15.7,14.29
1/24/2017,15.72,9390539,14.58,16.24,14.55
1/23/2017,14.305,5823585,13.65,14.43,13.4
1/20/2017,13.75,5178122,13.25,13.84,13.07
1/19/2017,13.27,6790186,12.07,13.35,12
1/18/2017,12.16,3285186,11.51,12.22,11.33
1/17/2017,11.51,3217887,11.42,11.86,11.3
1/13/2017,11.52,4821468,10.4,11.61,10.1
1/12/2017,10.36,5378956,9.52,10.3898,9.52
1/11/2017,8.985,2556212,8.97,9.1,8.725
1/10/2017,9.01,3532675,8.67,9.19,8.56
1/9/2017,8.53,1945147,8.9,8.98,8.46
1/6/2017,8.98,1084742,9.24,9.39,8.97
1/5/2017,9.28,1873577,9.08,9.45,8.95
1/4/2017,9.11,2008258,8.58,9.12,8.505
1/3/2017,8.56,1302702,8.73,8.8,8.39
12/30/2016,8.56,1003108,8.97,9.06,8.55
12/29/2016,8.91,967858,9.37,9.37,8.835
12/28/2016,9.31,1659340,9.39,9.6,9.12
12/27/2016,9.32,1066245,9.29,9.44,9.15
12/23/2016,9.2,652599,9.26,9.345,9.15
12/22/2016,9.29,1791464,9.54,9.77,9.19
12/21/2016,9.62,1693377,9.42,9.695,9.31
12/20/2016,9.505,3218548,8.57,9.6,8.51
12/19/2016,8.49,1524477,8.63,8.76,8.42
12/16/2016,8.66,8673800,8.88,9.08,8.45
12/15/2016,8.86,1732779,9.05,9.18,8.725
12/14/2016,9.15,1096918,9.28,9.53,9.13
12/13/2016,9.33,2108319,9.55,9.75,9.09
12/12/2016,9.53,1812034,9.87,10.36,9.47
12/9/2016,9.77,1566321,9.55,9.85,9.4096
12/8/2016,9.52,2111495,9.87,10.05,9.34
12/7/2016,9.77,1288776,9.8,9.97,9.72
12/6/2016,9.72,1742335,9.61,9.83,9.55
12/5/2016,9.69,1801391,9.39,9.78,9.34
12/2/2016,9.25,1687269,9.23,9.47,9.1
12/1/2016,9.28,1692002,9.28,9.3612,9.0499
11/30/2016,9.22,2514681,9.36,9.74,9.15
11/29/2016,9.19,2167466,9.48,9.53,9.1
11/28/2016,9.86,1618576,10.44,10.55,9.83
11/25/2016,10.45,692603,10.33,10.535,10.26
11/23/2016,10.36,1954429,10.49,10.52,10.08
11/22/2016,10.59,2508011,10.26,10.69,10.175
11/21/2016,10.11,1349352,10.12,10.4,10.045
11/18/2016,9.96,1198007,9.84,10.03,9.715
11/17/2016,9.92,1655249,10.2,10.32,9.83
11/16/2016,10.19,1776840,9.92,10.235,9.85
11/15/2016,10.14,1913039,9.9,10.2,9.56
11/14/2016,9.94,2471212,9.76,10.0699,9.69
11/11/2016,9.56,2218994,9.21,9.58,8.96
11/10/2016,9.22,4219565,8.66,9.38,8.46
11/9/2016,8.43,7238174,7.65,8.57,7.55
11/8/2016,7.41,1824328,7.17,7.56,7.13
11/7/2016,7.21,1630010,7.1,7.28,6.97
11/4/2016,6.89,2023206,6.71,6.96,6.51
11/3/2016,6.72,1379440,6.89,7.01,6.71
11/2/2016,6.86,1762178,7.14,7.205,6.84
11/1/2016,7.2,2815472,7.39,7.74,7.18
10/31/2016,7.31,1774090,7.33,7.38,7.06
10/28/2016,7.34,3262558,7.01,7.37,6.741
10/27/2016,7.64,2065456,7.62,7.7558,7.38
10/26/2016,7.61,2397839,7.43,7.932,7.41
10/25/2016,7.45,1753930,7.56,8.01,7.41
10/24/2016,7.43,1952138,7.23,7.53,7.22
10/21/2016,7.21,2241905,7.22,7.275,7.15
10/20/2016,7.32,2588693,7.37,7.48,7.165
10/19/2016,7.44,1595450,7.47,7.52,7.28
10/18/2016,7.38,1371700,7.47,7.53,7.22
10/17/2016,7.32,1366863,7.57,7.6,7.27
10/14/2016,7.6,1518915,7.44,7.715,7.37
10/13/2016,7.37,1594378,7.29,7.44,6.8
10/12/2016,7.44,1026438,7.43,7.59,7.364
10/11/2016,7.46,3183449,7.35,7.575,7.25
10/10/2016,7.52,1186315,7.39,7.565,7.37
10/7/2016,7.25,1114086,7.38,7.43,7.17
10/6/2016,7.28,1408398,7.1,7.36,7.1
10/5/2016,7.18,1375899,7.11,7.25,7.05
10/4/2016,7.01,1909383,6.99,7.09,6.82
10/3/2016,6.98,1179424,7.02,7.08,6.84
9/30/2016,6.95,1562450,6.94,7.01,6.69
9/29/2016,6.82,1385800,6.87,7.09,6.72
9/28/2016,6.92,1909599,6.52,6.93,6.5
9/27/2016,6.49,1780237,6.57,6.68,6.42
9/26/2016,6.63,1191363,6.59,6.76,6.527
9/23/2016,6.59,1511960,6.45,6.69,6.45
9/22/2016,6.48,2273852,6.35,6.63,6.31
9/21/2016,6.23,1629028,6.14,6.245,5.98
9/20/2016,6.05,874103,6.08,6.13,5.91
9/19/2016,6.04,1194412,6,6.18,5.9
9/16/2016,5.92,1516047,5.76,5.93,5.72
9/15/2016,5.83,939335,5.74,5.87,5.66
9/14/2016,5.72,1434364,5.64,5.76,5.53
9/13/2016,5.63,1999954,5.91,5.97,5.55
9/12/2016,6.08,1904772,5.77,6.08,5.67
9/9/2016,5.87,3599042,6.21,6.28,5.76
9/8/2016,6.29,1074489,6.33,6.38,6.24
9/7/2016,6.3,1455149,6.21,6.37,6.2
9/6/2016,6.24,1345559,6.27,6.36,6.17
9/2/2016,6.21,1347190,6.42,6.49,6.18
9/1/2016,6.29,1273718,6.31,6.425,6.19
8/31/2016,6.28,1618050,6.35,6.35,6.12
8/30/2016,6.42,1378007,6.57,6.65,6.36
8/29/2016,6.63,1695281,6.4,6.73,6.36
8/26/2016,6.46,3455911,6.86,7.06,6.42
8/25/2016,6.77,3001124,6.89,6.9699,6.664
8/24/2016,6.87,2761318,7.47,7.49,6.85
8/23/2016,7.55,1961900,7.54,7.79,7.4775
8/22/2016,7.44,1319868,7.21,7.53,7.16
8/19/2016,7.35,1946796,7.49,7.61,7.21
8/18/2016,7.61,2393145,7.17,7.64,7.15
8/17/2016,7.07,979624,7.08,7.18,6.94
8/16/2016,7.12,781163,7.16,7.285,7.06
8/15/2016,7.09,1930546,6.83,7.3,6.8
8/12/2016,6.78,1799603,7.16,7.19,6.71
8/11/2016,7.14,1235757,7.03,7.22,6.93
8/10/2016,7,1720614,7.02,7.2,6.8507
8/9/2016,6.93,2516617,6.93,6.98,6.78
8/8/2016,6.95,2316885,7,7.16,6.89
8/5/2016,6.9,1250049,6.86,7.02,6.815
8/4/2016,6.82,1396011,7.06,7.12,6.82
8/3/2016,7.09,2268948,6.72,7.1058,6.57
8/2/2016,6.77,1733103,7.16,7.3,6.69
8/1/2016,7.11,2334448,7.6,7.69,7.01
7/29/2016,7.59,4224738,7.02,7.615,6.84
7/28/2016,7.06,1689773,7.06,7.13,6.88
7/27/2016,7.15,2913209,7.07,7.35,6.95
7/26/2016,6.9,1605478,6.66,7.05,6.62
7/25/2016,6.72,1603128,6.95,6.98,6.65
7/22/2016,6.99,1546254,7.05,7.14,6.9
7/21/2016,7.11,1827767,7.24,7.37,7.025
7/20/2016,7.17,2244512,7.25,7.3499,7.06
7/19/2016,7.39,2231529,7.91,7.99,7.32
7/18/2016,8.04,1671364,8.22,8.22,7.91
7/15/2016,8.31,1787163,8.29,8.44,8.065
7/14/2016,8.3,1755500,8.33,8.45,8.06
7/13/2016,8.21,2012236,8.13,8.29,7.8744
7/12/2016,8,3074677,7.55,8.04,7.49
7/11/2016,7.26,2152419,7.06,7.49,7.02
7/8/2016,6.93,2861484,6.51,6.94,6.48
7/7/2016,6.41,3085807,6.57,6.95,6.36
7/6/2016,6.54,1928507,6.42,6.85,6.42
7/5/2016,6.49,1754869,6.76,6.81,6.46
7/1/2016,6.89,2567621,6.32,6.95,6.2064
6/30/2016,6.33,2418505,6.13,6.34,5.93
6/29/2016,6.06,1674249,6.24,6.2495,5.98
6/28/2016,6.09,1155356,6.12,6.2499,6
6/27/2016,5.855,2022441,6.14,6.195,5.64
6/24/2016,6.27,2524727,6.43,6.52,6.25
6/23/2016,6.89,2035763,6.55,6.9401,6.41
6/22/2016,6.38,1270606,6.55,6.8,6.35
6/21/2016,6.49,1785520,6.57,6.57,6.25
6/20/2016,6.57,1535550,6.61,6.75,6.51
6/17/2016,6.51,1986465,6.51,6.68,6.43
6/16/2016,6.42,1480862,6.47,6.53,6.2
6/15/2016,6.54,2426921,6.3,6.855,6.3
6/14/2016,6.22,2134087,6.34,6.58,6.21
6/13/2016,6.39,2433034,6.49,6.6,6.25
6/10/2016,6.56,1347132,6.65,6.73,6.47
6/9/2016,6.84,2334479,7.14,7.29,6.7501
6/8/2016,7.29,1532873,7.46,7.65,7.25
6/7/2016,7.25,1216202,7.16,7.345,7.01
6/6/2016,7.18,2159086,6.83,7.19,6.83
6/3/2016,6.77,1437610,6.54,6.815,6.48
6/2/2016,6.45,1449191,6.17,6.515,6.17
6/1/2016,6.24,2211056,6.36,6.45,6.15
5/31/2016,6.46,2222379,6.63,6.8699,6.37
5/27/2016,6.6,1448105,6.57,6.7,6.46
5/26/2016,6.58,1660878,6.98,7.07,6.475
5/25/2016,6.81,1645818,6.75,6.96,6.7
5/24/2016,6.67,1584144,6.56,6.72,6.48
5/23/2016,6.51,1599592,6.31,6.6,6.2501
5/20/2016,6.36,1505378,6.48,6.63,6.27
5/19/2016,6.42,1874125,6.22,6.5,6.1
5/18/2016,6.33,2420873,6.67,6.77,6.27
5/17/2016,6.79,2551829,6.61,6.89,6.44
5/16/2016,6.57,1582951,6.69,6.98,6.57
5/13/2016,6.54,1268509,6.72,6.92,6.54
5/12/2016,6.77,2061185,7.05,7.16,6.6
5/11/2016,6.97,1882705,7,7.22,6.725
5/10/2016,6.935,1228425,6.86,6.96,6.73
5/9/2016,6.77,2714323,7.39,7.45,6.76
5/6/2016,7.65,1984651,7.4,7.9,7.295
5/5/2016,7.48,2927098,7.83,7.99,7.46
5/4/2016,7.74,1583128,7.74,8.205,7.65
5/3/2016,7.85,3135520,8.34,8.34,7.76
5/2/2016,8.44,2485720,8.86,8.99,8.35
4/29/2016,8.82,3205073,9.14,9.27,8.5
4/28/2016,8.91,3019706,9.21,9.4,8.82
4/27/2016,9.21,3574126,8.47,9.24,8.47
4/26/2016,8.56,3602479,8.43,8.59,7.57
4/25/2016,8.32,2531944,8.15,8.34,8
4/22/2016,8.24,3808075,8.37,8.65,7.96
4/21/2016,8.37,2364369,8.64,8.8,8.22
4/20/2016,8.52,3642873,8.4,8.676,8.09
4/19/2016,8.48,5893195,7.63,8.78,7.61
4/18/2016,7.42,1752378,7.16,7.62,7.06
4/15/2016,7.28,1523988,7.1,7.53,7.05
4/14/2016,7.18,1515373,7.27,7.39,7.03
4/13/2016,7.17,3234337,7.1,7.54,7.05
4/12/2016,6.93,1748299,6.87,7.13,6.7756
4/11/2016,6.99,2074081,6.8,7.25,6.735
4/8/2016,6.65,1260435,6.6,6.79,6.47
4/7/2016,6.4,3224947,6.45,6.769,6.28
4/6/2016,6.58,2176403,6.59,6.72,6.33
4/5/2016,6.62,1212315,6.66,6.8974,6.62
4/4/2016,6.74,2631071,7.14,7.17,6.695
4/1/2016,7.16,1387320,6.89,7.27,6.85
3/31/2016,7.05,1957984,7.22,7.39,6.99
3/30/2016,7.24,2341593,7.24,7.58,7.14
3/29/2016,7.1,2369041,6.98,7.145,6.619
3/28/2016,7.09,1509139,6.99,7.28,6.73
3/24/2016,6.93,1984161,6.6,6.94,6.36
3/23/2016,6.67,2979022,7.1,7.24,6.63
3/22/2016,7.26,1635879,7.23,7.36,7.105
3/21/2016,7.38,2476863,7.54,7.59,7.1
3/18/2016,7.59,4518081,8.13,8.55,7.54
3/17/2016,8.03,2577338,7.64,8.09,7.362
3/16/2016,7.54,2343607,6.9,7.65,6.82
3/15/2016,6.97,2927746,7.11,7.265,6.72
3/14/2016,7.3,3014162,7.22,7.59,7.065
3/11/2016,7.37,2509347,7.94,8.0199,7.26
3/10/2016,7.82,2994184,7.47,7.85,7.26
3/9/2016,7.51,2562991,7.97,7.97,7.13
3/8/2016,7.48,3411107,8.16,8.3,7.34
3/7/2016,8.44,4055987,8.31,8.79,8.15
3/4/2016,8.29,4337417,8.18,8.935,8.07
3/3/2016,8.05,4809816,7.77,8.275,7.63
3/2/2016,7.83,4495691,7.22,8,7.22
3/1/2016,7.21,2326867,7.32,7.3999,6.8
2/29/2016,7.15,3288281,6.91,7.33,6.81
2/26/2016,6.77,4316161,7,7.45,6.69
2/25/2016,6.79,3648512,6.3,6.9,6.16
2/24/2016,6.37,3357954,5.91,6.38,5.865
2/23/2016,6.1,6190820,6.83,6.87,6.02
2/22/2016,7.22,9558820,6.16,7.3,6.1574
2/19/2016,5.96,7537286,5.33,6.5,5.23
2/18/2016,5.18,2957588,5.3,5.36,4.871
2/17/2016,5.25,3430422,4.79,5.495,4.72
2/16/2016,4.68,2722144,4.58,4.88,4.53
2/12/2016,4.51,2454033,4.24,4.68,4.22
2/11/2016,4.17,2180927,4.27,4.29,3.96
2/10/2016,4.28,1500844,4.38,4.55,4.17
2/9/2016,4.41,1801490,4.69,4.775,4.32
2/8/2016,4.8,3280961,4.4,5.07,4.3301
2/5/2016,4.56,3778434,4.76,5.12,4.44
2/4/2016,4.86,6562176,4.48,5.88,4.48
2/3/2016,4.39,3324573,4.16,4.44,3.9
2/2/2016,4.07,1695363,4.23,4.3,4.01
2/1/2016,4.36,2508636,4.57,4.69,4.275
1/29/2016,4.72,5116540,4.01,4.73,3.99
1/28/2016,3.98,3578766,3.77,4.0975,3.51
1/27/2016,3.65,2003976,3.43,3.8,3.4112
1/26/2016,3.48,1138260,3.31,3.54,3.21
1/25/2016,3.23,1868634,3.51,3.697,3.2
1/22/2016,3.57,4031514,3.57,3.74,3.29
1/21/2016,3.42,2201437,3.23,3.52,3.18
1/20/2016,3.25,2934808,2.96,3.31,2.84
1/19/2016,3.05,2812237,3.13,3.2,2.95
1/15/2016,3.05,2666122,2.84,3.06,2.82
1/14/2016,3.05,2990043,2.79,3.06,2.63
1/13/2016,2.8,2819333,3.02,3.1101,2.76
1/12/2016,2.98,3131240,3.26,3.33,2.8
1/11/2016,3.26,2055896,3.62,3.6958,3.22
1/8/2016,3.55,3632167,4,4.04,3.52
1/7/2016,3.97,4514270,3.78,3.97,3.65
1/6/2016,3.95,3253350,4.2,4.23,3.86
1/5/2016,4.29,1785411,4.55,4.6,4.25
1/4/2016,4.53,2823456,4.29,4.53,3.97
12/31/2015,4.42,1770176,4.77,4.87,4.42
12/30/2015,4.79,2242809,4.59,4.845,4.56
12/29/2015,4.7,1532771,4.65,4.75,4.55
12/28/2015,4.605,1750595,4.66,4.75,4.27
12/24/2015,4.75,1247028,4.72,4.85,4.57
12/23/2015,4.71,3058045,4.36,4.78,4.33
12/22/2015,4.23,2770860,3.91,4.25,3.81
12/21/2015,3.94,1678994,3.88,4.01,3.75
12/18/2015,3.82,4457811,3.54,3.83,3.54
12/17/2015,3.54,1649713,3.76,3.85,3.51
12/16/2015,3.83,2252553,3.75,3.93,3.72
12/15/2015,3.71,3030625,3.7,3.85,3.54
12/14/2015,3.67,3684098,3.42,3.69,3.38
12/11/2015,3.44,2828900,3.35,3.45,3.2
12/10/2015,3.45,1815249,3.36,3.47,3.3
12/9/2015,3.3,1976066,3.46,3.55,3.24
12/8/2015,3.37,1561313,3.5,3.57,3.37
12/7/2015,3.62,2883055,3.71,3.86,3.52
12/4/2015,3.82,1554016,3.76,3.87,3.66
12/3/2015,3.765,1465730,3.96,4.04,3.76
12/2/2015,3.93,1697129,3.98,4.09,3.86
12/1/2015,4.06,2364569,3.76,4.15,3.76
11/30/2015,3.73,1332827,3.83,3.91,3.7
11/27/2015,3.82,1067935,3.93,4.06,3.79
11/25/2015,3.99,1706596,3.85,4.15,3.84
11/24/2015,3.905,1898111,3.62,3.92,3.62
11/23/2015,3.6,1715582,3.64,3.74,3.49
11/20/2015,3.53,2894107,3.66,3.8,3.51
11/19/2015,3.62,3537291,3.65,3.75,3.46
11/18/2015,3.68,2106752,3.58,3.71,3.5
11/17/2015,3.48,2048158,3.8,3.8,3.48
11/16/2015,3.8,2269444,3.63,3.85,3.59
11/13/2015,3.64,2168877,3.69,3.85,3.61
11/12/2015,3.72,3233787,3.4,3.81,3.36
11/11/2015,3.49,4356583,3.89,3.89,3.42
11/10/2015,3.75,3061744,3.96,4.01,3.71
11/9/2015,4.04,3604873,4.17,4.27,3.99
11/6/2015,4.49,3960214,4.28,4.58,4.16
11/5/2015,4.39,4572405,4.22,4.43,4.07
11/4/2015,4.23,3541770,4.29,4.44,4.07
11/3/2015,4.28,6437949,3.78,4.39,3.78
11/2/2015,3.7,6065256,3.69,3.89,3.63
10/30/2015,3.62,12083240,3.75,3.8,3.1901
10/29/2015,4.29,3586515,4.08,4.37,4.0601
10/28/2015,4.14,4693371,3.93,4.44,3.91
10/27/2015,3.95,4363271,4.15,4.25,3.88
10/26/2015,4.17,2702309,4.51,4.528,4.16
10/23/2015,4.48,2827651,4.52,4.61,4.2899
10/22/2015,4.38,3382580,4.7,4.85,4.34
10/21/2015,4.63,3396473,4.86,4.88,4.59
10/20/2015,4.86,3647758,4.91,5.17,4.81
10/19/2015,4.94,3405055,5.15,5.24,4.93
10/16/2015,5.25,3649645,5.56,5.68,5.21
10/15/2015,5.53,4350739,5.52,5.68,5.34
10/14/2015,5.58,2574405,5.95,6.04,5.54
10/13/2015,5.91,2353875,6.03,6.23,5.57
10/12/2015,5.94,3761525,7,7,5.93
10/9/2015,6.93,7764973,6.01,7.21,6
10/8/2015,5.94,2483548,5.6,5.97,5.51
10/7/2015,5.57,4850173,5.77,6.17,5.39
10/6/2015,5.6,3064201,5.05,5.65,5.05
10/5/2015,5.12,4693014,4.42,5.19,4.42
10/2/2015,4.64,1897700,4.61,4.6899,4.49
10/1/2015,4.65,2747267,4.71,4.7799,4.545
9/30/2015,4.6,3203427,4.48,4.66,4.31
9/29/2015,4.38,2872987,4.66,4.72,4.27
9/28/2015,4.65,1523945,4.84,4.84,4.61
9/25/2015,4.89,1711849,5.05,5.1,4.76
9/24/2015,5.06,1522572,4.9,5.165,4.86
9/23/2015,5.03,2001434,5.27,5.35,4.94
9/22/2015,5.28,2110567,5.23,5.44,5.12
9/21/2015,5.46,1665902,5.64,5.75,5.45
9/18/2015,5.63,5015770,5.73,5.9395,5.61
9/17/2015,5.81,2162690,5.62,5.95,5.59
9/16/2015,5.73,1351510,5.5,5.7999,5.48
9/15/2015,5.52,1829227,5.2,5.5279,5.16
9/14/2015,5.27,1921937,5.61,5.7,5.22
9/11/2015,5.7,1418706,5.52,5.75,5.52
9/10/2015,5.63,2071245,5.59,5.715,5.5
9/9/2015,5.71,4175266,5.44,5.92,5.44
9/8/2015,5.42,1596559,5.45,5.6,5.31
9/4/2015,5.33,1670322,5.11,5.36,5.09
9/3/2015,5.24,2083953,5.13,5.48,5.08
9/2/2015,5.19,2794963,5.46,5.5,4.95
9/1/2015,5.32,2906605,5.43,5.56,5.25
8/31/2015,5.6,2442387,5.34,5.705,5.31
8/28/2015,5.51,3487018,5.19,5.59,5.18
8/27/2015,5.42,4501789,4.42,5.46,4.41
8/26/2015,4.37,2928247,4.49,4.63,4.07
8/25/2015,4.65,1975139,4.9,5,4.61
8/24/2015,4.6,2971123,4.74,5.08,4.58
8/21/2015,5.17,2758308,5.15,5.22,5.06
8/20/2015,5.23,2656366,5.1,5.409,5.1
8/19/2015,5.055,2930703,5.31,5.31,5
8/18/2015,5.32,5125354,5.6,5.66,5.1
8/17/2015,5.825,2482092,6,6.1,5.76
8/14/2015,6.07,2154493,5.9,6.1637,5.87
8/13/2015,5.86,3171330,6.16,6.24,5.74
8/12/2015,6.22,4349583,6.19,6.39,5.96
8/11/2015,6.27,5849683,5.87,6.33,5.66
8/10/2015,6.31,7794833,5.2,6.36,5.2
8/7/2015,5.18,14677100,7.1,7.42,5.12
8/6/2015,8.22,3641125,8.23,8.58,8.01
8/5/2015,8.31,3717597,8.57,9.12,8.28
8/4/2015,8.39,4013977,8.96,9.2,8.39
8/3/2015,8.88,2099344,9.25,9.362,8.68
7/31/2015,9.32,1644526,9.48,9.72,9.24
7/30/2015,9.37,2734838,9.88,10.02,9.28
7/29/2015,9.93,2625901,9.55,10.03,9.251
7/28/2015,9.55,3007113,8.6,9.6,8.6
7/27/2015,8.53,1796112,8.58,9.11,8.4004
7/24/2015,8.615,3559686,8.58,8.665,7.94
7/23/2015,8.66,2068975,9.17,9.255,8.61
7/22/2015,9.11,2142561,9.05,9.34,8.65
7/21/2015,9.21,2369714,9.07,9.48,9.07
7/20/2015,9.16,1650042,9.48,9.48,9.09
7/17/2015,9.54,1619064,9.47,9.61,9.31
7/16/2015,9.49,1516141,9.62,9.73,9.42
7/15/2015,9.52,1191581,9.86,9.91,9.43
7/14/2015,9.85,1603134,10,10.07,9.7
7/13/2015,10.1,1493625,9.82,10.15,9.6
7/10/2015,9.75,1597702,10.14,10.16,9.73
7/9/2015,9.86,2644121,9.75,10.03,9.7
7/8/2015,9.45,3063563,9.78,10.07,9.43
7/7/2015,9.92,3185956,9.63,10.1,9.3501
7/6/2015,9.77,3026692,10.23,10.335,9.63
7/2/2015,10.42,2286334,10.19,10.43,10.13
7/1/2015,10.12,2135638,10.46,10.5903,9.92
6/30/2015,10.43,2210453,10.76,10.8397,10.13
6/29/2015,10.58,2447697,11,11.16,10.53
6/26/2015,11.3,2375347,10.91,11.32,10.79
6/25/2015,10.89,1841115,11.28,11.31,10.875
6/24/2015,11.25,2003240,11.86,11.88,11.18
6/23/2015,11.85,1860455,11.29,11.85,11.29
6/22/2015,11.29,1058722,11.26,11.37,11.05
6/19/2015,11.17,1771967,11.49,11.53,11.16
6/18/2015,11.46,2208015,11.23,11.49,11.06
6/17/2015,11.15,1762209,11.35,11.6,11.01
6/16/2015,11.41,1190467,11.33,11.54,11.13
6/15/2015,11.35,1545178,11.5,11.66,11.21
6/12/2015,11.67,1662630,11.51,11.89,11.405
6/11/2015,11.25,1459937,11.58,11.7399,11.15
6/10/2015,11.59,1528919,11.79,11.92,11.445
6/9/2015,11.605,2200477,11.3,11.92,11.29
6/8/2015,11.29,1440886,11.65,11.796,11.25
6/5/2015,11.67,1774249,11.88,11.99,11.54
6/4/2015,12,2103752,12.28,12.38,11.895
6/3/2015,12.4,3275199,12.15,12.78,12.07
6/2/2015,12.21,3292007,11.76,12.6,11.68
6/1/2015,11.73,7161130,11.16,11.73,10.665
5/29/2015,11.18,3038899,11.44,11.4699,11.11
5/28/2015,11.51,4636474,12.16,12.16,11.01
5/27/2015,12.29,1369796,12.28,12.42,12.09
5/26/2015,12.28,1794030,12.64,12.64,12.13
5/22/2015,12.73,1690651,12.92,13.07,12.68
5/21/2015,12.97,2089190,12.61,13.05,12.61
5/20/2015,12.61,2354830,13.23,13.23,12.52
5/19/2015,13.09,2033963,13.75,13.78,13
5/18/2015,13.72,1963751,13.72,13.78,13.45
5/15/2015,13.79,1922652,14.08,14.14,13.67
5/14/2015,14.17,1813194,14.36,14.74,14.085
5/13/2015,14.24,2300537,14.16,14.743,14.14
5/12/2015,14.16,2817850,14.03,14.195,13.74
5/11/2015,14.07,2537526,13.97,14.35,13.94
5/8/2015,13.93,2931662,13.6,13.99,13.3
5/7/2015,13.35,2366875,13.44,13.63,13.03
5/6/2015,13.535,3098808,14.31,14.45,13.25
5/5/2015,14.32,2606251,14.41,14.56,13.96
5/4/2015,14.33,3079575,14.52,14.74,14.23
5/1/2015,14.595,7614813,13.73,14.98,13.44
4/30/2015,12.89,3039510,12.99,13.14,12.6
4/29/2015,13.1,1934281,13.2,13.3,12.91
4/28/2015,13.24,2040534,13.45,13.84,13.18
4/27/2015,13.4,2674377,13.09,13.58,13.04
4/24/2015,13.04,1275865,12.94,13.43,12.9
4/23/2015,12.94,2940781,12.94,13.02,12.35
4/22/2015,13.28,1656129,13.17,13.4,13.05
4/21/2015,13.11,1296654,13.52,13.68,13.08
4/20/2015,13.53,1406757,13.51,13.78,13.45
4/17/2015,13.445,1838446,13.19,13.59,13.16
4/16/2015,13.34,3352340,13.62,13.78,13.285
4/15/2015,13.58,3809303,13.74,13.98,13.57
4/14/2015,13.49,2982289,13.37,13.68,13.32
4/13/2015,13.37,2832165,13.46,13.55,13.21
4/10/2015,13.49,2135466,13.84,13.84,13.37
4/9/2015,13.66,4503611,14.12,14.17,13.28
4/8/2015,14.29,2546094,14.53,14.7199,14.13
4/7/2015,14.255,1631443,14.53,14.8,14.23
4/6/2015,14.575,2245259,14,14.665,13.96
4/2/2015,14.03,2825550,14.02,14.63,13.78
4/1/2015,14.12,3229043,13.67,14.28,13.21
3/31/2015,13.8,3170445,14.38,14.39,13.61
3/30/2015,14.54,1622873,14.27,14.78,14.204
3/27/2015,14.16,1284313,14.45,14.59,14.125
3/26/2015,14.57,2598951,14.29,14.86,14.07
3/25/2015,14.26,1893342,13.95,14.32,13.91
3/24/2015,13.895,3587527,13.4,13.92,12.8678
3/23/2015,14.3,1740015,14.05,14.64,13.97
3/20/2015,14.04,2656970,14.35,14.53,13.94
3/19/2015,14.155,1685376,14.5,14.5,13.88
3/18/2015,14.605,3050274,13.68,14.73,13.63
3/17/2015,13.86,1905565,14.07,14.33,13.74
3/16/2015,14.19,2216955,14.4,14.52,13.86
3/13/2015,14.36,3725050,14.54,14.9,13.63
3/12/2015,14.83,2279114,14.9,15.16,14.565
3/11/2015,14.77,3442945,14.98,15.52,14.47
3/10/2015,14.845,2968567,15.01,15.388,14.59
3/9/2015,15.41,3696544,15.51,15.79,15.25
3/6/2015,16.08,2673300,16.74,16.93,15.96
3/5/2015,16.49,3381081,16.14,16.52,15.61
3/4/2015,16.51,5678761,18.45,18.45,16.5
3/3/2015,19.79,2121581,20.41,20.42,19.56
3/2/2015,20.08,1833233,19.28,20.2,19.02
2/27/2015,18.97,2844741,19.74,19.74,18.96
2/26/2015,19.675,1669145,19.25,20,19.22
2/25/2015,19.3,4223917,22.02,22.02,19.115
2/24/2015,22.16,953253,22.1,22.49,21.9
2/23/2015,22.06,570101,21.89,22.15,21.52
2/20/2015,22.16,735093,22.19,22.45,21.76
2/19/2015,22.16,1052125,22.17,22.47,21.74
2/18/2015,22.46,682018,22.51,22.92,22.3
2/17/2015,22.77,847457,23.05,23.07,22.57
2/13/2015,23.1,849629,23.5,23.87,22.72
2/12/2015,23.27,892819,22.73,23.4,22.61
2/11/2015,22.24,904385,22.59,22.82,21.7
2/10/2015,22.84,960781,23.17,23.2,22.29
2/9/2015,23,1589820,23.04,24,22.73
2/6/2015,25.27,1622752,26.75,26.85,24.93
2/5/2015,26.85,988440,25.51,26.965,25.28
2/4/2015,25.31,672808,24.91,25.56,24.6
2/3/2015,25.12,997340,24.7,25.3,24.28
2/2/2015,23.85,858664,23.22,23.93,22.9
1/30/2015,23.11,956714,23.58,23.87,22.68
1/29/2015,23.91,892709,22.89,23.92,22.52
1/28/2015,22.89,1342402,23.7,23.962,22.842
1/27/2015,23.67,887700,23.1,23.76,22.83
1/26/2015,23.58,1107282,23.65,24.23,23.47
1/23/2015,23.6,1821359,23.54,23.93,22.3178
1/22/2015,24.84,1406240,23.78,25.1,23.5
1/21/2015,23.59,918764,22.36,23.77,22.35
1/20/2015,22.39,1049602,21.9,22.74,21.85
1/16/2015,21.9,741388,21.24,21.98,21.13
1/15/2015,21.16,782386,21.25,21.98,21.15
1/14/2015,21.02,1760134,22.14,22.14,20.06
1/13/2015,22.8,1208362,24.35,24.4,22.08
1/12/2015,23.76,879181,23.98,23.98,22.73
1/9/2015,23.86,697004,23.4,23.92,23.14
1/8/2015,23.43,1395251,22.6,23.61,22.22
1/7/2015,22.36,1528214,22.63,23.32,22.31
1/6/2015,22.33,1265783,22.96,23.22,22.18
1/5/2015,23.11,830005,24.39,24.45,22.93
1/2/2015,24.66,643531,24.52,24.85,24.195
12/31/2014,24.4,937694,24.42,25.06,24.28
12/30/2014,24.42,737123,24.46,25.09,24.19
12/29/2014,24.61,579177,25.16,25.38,24.52
12/26/2014,25.02,429976,25.17,25.57,24.9
12/24/2014,25,329985,24.68,25.13,24.16
12/23/2014,24.65,2374799,24.88,25.302,24.62
12/22/2014,24.94,914109,24.78,25.22,24.28
12/19/2014,24.73,1823603,24.51,25.1,24.06
12/18/2014,24.49,1072197,24.7,25.03,23.79
12/17/2014,24.11,1618771,22.19,24.31,22.16
12/16/2014,22.22,1400781,21.71,22.98,21.65
12/15/2014,22.12,1153302,22.62,22.62,21.91
12/12/2014,22.18,1382740,22.46,23.33,22.13
12/11/2014,22.99,1834181,24.89,25.1,22.89
12/10/2014,24.85,991516,25.48,25.5399,24.6997
12/9/2014,25.49,1501002,24.57,25.87,24.14
12/8/2014,25.07,1594555,26.07,26.25,24.87
12/5/2014,26.31,881670,26.58,27.34,26.253
12/4/2014,26.71,1041704,27.1,27.51,26.58
12/3/2014,27.16,1304130,27.48,28.34,26.97
12/2/2014,27.48,1244755,27.47,28.2,27.09
12/1/2014,27.64,2007096,27.6,27.71,25.84
11/28/2014,27.65,2034364,31.68,31.75,27.51
11/26/2014,31.1,2062418,29.68,31.2,29.19
11/25/2014,29.46,2432270,28.06,30.41,28.06
11/24/2014,27.8,966870,28.11,28.618,27.75
11/21/2014,27.84,1427291,27.9,29.065,27.61
11/20/2014,27.27,819901,26.49,27.38,26.28
11/19/2014,26.69,1126073,27.77,28.0718,26.33
11/18/2014,27.9,1863689,27.49,29.18,27.03
11/17/2014,27.09,944461,27.46,27.82,26.77
11/14/2014,27.53,804093,27.43,27.82,26.68
11/13/2014,27.56,833634,27.75,27.9958,27.17
11/12/2014,27.76,700175,27.35,27.84,26.83
11/11/2014,27.44,853190,27.14,27.52,26.88
11/10/2014,27.315,1084180,28.3,28.51,26.86
11/7/2014,28.14,1144076,27.94,28.58,27.77
11/6/2014,27.86,1003860,27.07,27.93,26.7
11/5/2014,27.11,1253662,28.23,28.269,26.89
11/4/2014,28,1566887,29.2,29.24,27.3
11/3/2014,29.41,1255451,29.11,29.44,28.51
10/31/2014,29.28,1782057,28.51,29.6,27.805
10/30/2014,28.13,1872669,26.11,28.21,24.68
10/29/2014,27.15,1160500,27.41,27.5719,26.895
10/28/2014,27.21,1539836,27.32,27.66,26.95
10/27/2014,26.9,1212286,27.85,27.85,26.62
10/24/2014,28.1,1559123,26.6,28.17,26.32
10/23/2014,26.46,2560995,26.42,26.92,25.78
10/22/2014,25.83,1010715,26.13,26.68,25.52
10/21/2014,26.11,1996078,24.83,27.05,24.721
10/20/2014,24.6,915526,24.25,24.84,24.1
10/17/2014,24.3,1168022,23.95,25.13,23.87
10/16/2014,23.38,1027022,21.94,23.58,21.71
10/15/2014,22.76,1666063,21.69,23.095,20.79
10/14/2014,22.13,1087247,22.02,22.83,21.55
10/13/2014,21.71,1492796,22.64,23.44,21.6
10/10/2014,22.55,1269106,23.38,23.69,22.02
10/9/2014,23.46,1729637,24.4,24.4997,23.08
10/8/2014,24.15,995750,23.6,24.18,22.85
10/7/2014,23.79,982610,24.32,24.43,23.694
10/6/2014,24.57,1235583,24.42,25.5,24.04
10/3/2014,24.19,1624425,23.6,24.52,23.5201
10/2/2014,23.44,1986862,24.26,24.539,22.57
10/1/2014,24.23,1801423,26.11,26.34,24.02
9/30/2014,25.97,2432763,24.85,26.49,24.76
9/29/2014,23.86,1330395,24.21,24.64,23.65
9/26/2014,24.57,992235,24.54,25.09,24.41
9/25/2014,24.39,1662165,25.72,26.06,24.28
9/24/2014,25.92,1379821,25.26,26.06,24.52
9/23/2014,25.135,852685,25.01,25.81,24.97
9/22/2014,25.14,1792658,26.26,26.26,24.8001
9/19/2014,26.51,1278968,27.12,27.31,26.1
9/18/2014,26.94,1078574,27.32,27.5536,26.85
9/17/2014,27.17,844389,27.25,27.63,27
9/16/2014,26.96,1398506,26.01,27.19,25.66
9/15/2014,26.29,1642533,27.53,27.6,25.801
9/12/2014,27.6,1203414,27.6,28.06,27.38
9/11/2014,27.65,1549313,27.03,27.74,27.01
9/10/2014,27.26,2791380,28.79,28.83,26.39
9/9/2014,28.71,1663605,28.5,28.8,27.66
9/8/2014,28.47,2483505,29.3,29.3,28.26
9/5/2014,29.28,2889709,28.1,29.54,28.1
9/4/2014,28.08,2575400,27.55,28.62,27.25
9/3/2014,27.44,2247725,27.4,27.81,27.08
9/2/2014,26.97,2992145,25.65,27.38,25.62
8/29/2014,24.98,1001294,24.65,24.99,24.58
8/28/2014,24.605,2001634,24.4,24.9,23.75
8/27/2014,24.64,2588635,24.16,24.66,23.69
8/26/2014,23.98,1469793,23.42,24.16,23.29
8/25/2014,23.29,1254989,22.88,23.39,22.4001
8/22/2014,22.58,677164,22.25,22.71,21.98
8/21/2014,22.22,986333,22.58,22.7138,22.01
8/20/2014,22.53,1457871,21.55,22.69,21.5
8/19/2014,21.56,753999,21.72,21.72,21.34
8/18/2014,21.6,673715,21.34,21.68,21.08
8/15/2014,21.14,598717,21.36,21.51,21.06
8/14/2014,21.13,1013744,21.58,21.63,21.011
8/13/2014,21.53,826991,21.62,22.11,21.45
8/12/2014,21.5,973469,21.23,21.58,20.82
